{"cameraMode":{"drawMode":0,"name":"Shaded","section":"Shading Mode"},"sceneLighting":false,"audioPlay":false,"sceneViewState":{"showFog":false,"showMaterialUpdate":false,"showSkybox":false,"showFlares":false,"showImageEffects":false,"showParticleSystems":false},"in2DMode":false,"pivot":{"x":-1.1800024509429932,"y":3.7552618980407717,"z":0.0012250542640686036},"rotation":{"x":-0.3668857514858246,"y":-0.0020264580380171539,"z":0.0008246443467214704,"w":-0.9303818345069885},"size":4.036666393280029,"orthographic":true}