{"cameraMode":{"drawMode":0,"name":"Shaded","section":"Shading Mode"},"sceneLighting":false,"audioPlay":false,"sceneViewState":{"showFog":false,"showMaterialUpdate":false,"showSkybox":false,"showFlares":false,"showImageEffects":false,"showParticleSystems":false},"in2DMode":false,"pivot":{"x":69.28712463378906,"y":-0.5289062261581421,"z":-13.721780776977539},"rotation":{"x":0.23291070759296418,"y":0.7327896952629089,"z":-0.3019849956035614,"w":0.5637956857681274},"size":7.007823944091797,"orthographic":true}