{"cameraMode":{"drawMode":0,"name":"Shaded","section":"Shading Mode"},"sceneLighting":true,"audioPlay":false,"sceneViewState":{"showFog":false,"showMaterialUpdate":false,"showSkybox":false,"showFlares":false,"showImageEffects":false,"showParticleSystems":false},"in2DMode":false,"pivot":{"x":35.34000015258789,"y":2.070000171661377,"z":-6.539999961853027},"rotation":{"x":-0.15069083869457246,"y":-0.7869978547096252,"z":0.2119830995798111,"w":-0.559465229511261},"size":7.987426280975342,"orthographic":false}