{"cameraMode":{"drawMode":0,"name":"Shaded","section":"Shading Mode"},"sceneLighting":false,"audioPlay":false,"sceneViewState":{"showFog":false,"showMaterialUpdate":false,"showSkybox":false,"showFlares":false,"showImageEffects":false,"showParticleSystems":false},"in2DMode":false,"pivot":{"x":64.97291564941406,"y":1.3397220373153687,"z":-15.140000343322754},"rotation":{"x":-0.45346954464912417,"y":-0.055542171001434329,"z":0.028479669243097307,"w":-0.8891719579696655},"size":6.338832855224609,"orthographic":true}