{"cameraMode":{"drawMode":0,"name":"Shaded","section":"Shading Mode"},"sceneLighting":false,"audioPlay":false,"sceneViewState":{"showFog":false,"showMaterialUpdate":false,"showSkybox":false,"showFlares":false,"showImageEffects":false,"showParticleSystems":false},"in2DMode":false,"pivot":{"x":64.46466827392578,"y":1.843555212020874,"z":-15.140000343322754},"rotation":{"x":0.2809421122074127,"y":-0.04091661050915718,"z":0.012424899265170098,"w":0.958930253982544},"size":10.142132759094239,"orthographic":true}